﻿<?xml version="1.0" encoding="utf-8"?>
<deployment>
  <id>1fd8c3a1-081d-43bf-a70e-efc09666c8da</id>
  <author>N/A</author>
  <deployer>OneDeploy</deployer>
  <authorEmail>N/A</authorEmail>
  <message>OneDeploy</message>
  <progress></progress>
  <status>Success</status>
  <statusText></statusText>
  <lastSuccessEndTime>2025-10-23T10:26:12.5391825Z</lastSuccessEndTime>
  <receivedTime>2025-10-23T10:26:01.4685618Z</receivedTime>
  <startTime>2025-10-23T10:26:03.3826323Z</startTime>
  <endTime>2025-10-23T10:26:12.5391825Z</endTime>
  <complete>True</complete>
  <is_temp>False</is_temp>
  <is_readonly>True</is_readonly>
  <buildSummary />
</deployment>