<step title="Incoming Request" date="2025-10-23T10:25:53.693" instance="9210fd" url="/api/publish?type=zip&amp;async=False" method="POST" type="request" pid="823,1,45" Accept="*/*" Host="sxgevalapidev.scm.azurewebsites.net" User-Agent="AZURECLI/2.77.0 (MSI)" Accept-Encoding="gzip, deflate" Authorization="Bea..." Cache-Control="no-cache" Content-Type="application/octet-stream" Cookie="ARRAffinity=9210fd0c122fc1540c5ef9761b8a41ef990a83aba6c660ea67bdb222b82cd884; ARRAffinitySameSite=9210fd0c122fc1540c5ef9761b8a41ef990a83aba6c660ea67bdb222b82cd884" Content-Length="15876908" x-ms-client-request-id="9f8361b4-affa-11f0-bea2-6045bdcf08c2" x-ms-artifact-checksum="db5508ebd9a8eaa7854d4eabb868bedc7ac6382e7c058f1fee4d602a3935cc4b" X-ARR-LOG-ID="9f8361b4-affa-11f0-bea2-6045bdcf08c2" CLIENT-IP="4.213.232.71:33558" X-SITE-DEPLOYMENT-ID="sxgevalapidev" WAS-DEFAULT-HOSTNAME="sxgevalapidev.scm.azurewebsites.net" X-Forwarded-Proto="https" X-AppService-Proto="https" X-Forwarded-TlsVersion="1.3" X-WAWS-Unencoded-URL="/api/publish?type=zip&amp;async=False" X-Client-IP="4.213.232.71" X-Client-Port="33558" >
  <step title="Cleanup Xml Logs" date="2025-10-23T10:25:53.706" /><!-- duration: 20ms -->
  <step title="OneDeploy" date="2025-10-23T10:25:53.811" >
    <step title="Starting PushDeployAsync" date="2025-10-23T10:25:53.848" /><!-- duration: 13ms -->
    <step title="Writing artifact to /tmp/zipdeploy/2f3fa5bd-1445-415a-88a0-ab7052b94087.zip" date="2025-10-23T10:25:53.909" >
      <step title="Writing multipart request body to /tmp/zipdeploy/2f3fa5bd-1445-415a-88a0-ab7052b94087.zip" date="2025-10-23T10:25:53.927" /><!-- duration: 64ms -->
    </step><!-- duration: 2301ms -->
    <step title="Attempting to fetch target branch HEAD" date="2025-10-23T10:25:56.236" /><!-- duration: 6ms -->
    <step title="Acquiring Deployment Lock" date="2025-10-23T10:25:56.267" /><!-- duration: 6ms -->
    <step title="Acquired Deployment Lock" date="2025-10-23T10:25:56.336" /><!-- duration: 8ms -->
    <step title="Performing fetch based deployment" date="2025-10-23T10:25:56.356" >
      <step title="Creating temporary deployment" date="2025-10-23T10:25:56.371" /><!-- duration: 169ms -->
      <step title="Releasing Deployment Lock" date="2025-10-23T10:25:57.828" /><!-- duration: 13ms -->
      <step title="Cleaning up temp folders from previous zip deployments and extracting pushed zip file /tmp/zipdeploy/2f3fa5bd-1445-415a-88a0-ab7052b94087.zip (15.14 MB) to /tmp/zipdeploy/extracted" date="2025-10-23T10:25:57.887" >
        <step title="ChmodRecursive Process exited with total time taken in ms: 235" date="2025-10-23T10:25:59.148" /><!-- duration: 31ms -->
      </step><!-- duration: 1334ms -->
      <step title="None repository commit" date="2025-10-23T10:25:59.280" >
        <step title="Commit id: 1fd8c3a1-081d-43bf-a70e-efc09666c8da" date="2025-10-23T10:25:59.300" Message="OneDeploy" AuthorName="N/A" AuthorEmail="N/A" /><!-- duration: 20ms -->
      </step><!-- duration: 51ms -->
      <step title="Deployment timer started" date="2025-10-23T10:26:01.343" >
        <step title="DeploymentManager.Deploy(id:1fd8c3a1-081d-43bf-a70e-efc09666c8da)" date="2025-10-23T10:26:01.354" >
          <step title="Collecting changeset information" date="2025-10-23T10:26:01.389" /><!-- duration: 163ms -->
          <step title="Updating submodules" date="2025-10-23T10:26:01.565" /><!-- duration: 1273ms -->
          <step title="Determining deployment builder" date="2025-10-23T10:26:03.593" >
            <step title="Builder is OneDeployBuilder" date="2025-10-23T10:26:03.703" /><!-- duration: 12ms -->
          </step><!-- duration: 161ms -->
          <step title="PreDeployment: context.CleanOutputPath False" date="2025-10-23T10:26:04.025" >
            <step title="PreDeployment: context.OutputPath /home/site/wwwroot" date="2025-10-23T10:26:04.303" >
              <step title="Building" date="2025-10-23T10:26:04.540" >
                <step title="Executing external process" date="2025-10-23T10:26:05.230" type="process" path="starter.sh" arguments="/opt/Kudu/Scripts/parallel_rsync.sh /tmp/zipdeploy/extracted /home/site/wwwroot 8 /tmp/ False False  " /><!-- duration: 6204ms -->
                <step title="Modified file to trigger a restart of the app container." date="2025-10-23T10:26:12.090" /><!-- duration: 7ms -->
                <step title="Skip function trigger and logicapp sync because function is not enabled." date="2025-10-23T10:26:12.107" /><!-- duration: 10ms -->
              </step><!-- duration: 8772ms -->
            </step><!-- duration: 9033ms -->
            <step title="Cleaning up temp files" date="2025-10-23T10:26:13.343" /><!-- duration: 12ms -->
            <step title="Cleaning up temp files" date="2025-10-23T10:26:13.362" /><!-- duration: 587ms -->
            <step title="Reloading status file with latest updates" date="2025-10-23T10:26:14.019" >
              <step title="WebHooksManager.PublishEventAsync: PostDeployment" date="2025-10-23T10:26:14.128" /><!-- duration: 120ms -->
            </step><!-- duration: 279ms -->
            <step title="Cleaning up temporary deployment - fetch deployment was successful" date="2025-10-23T10:26:14.369" /><!-- duration: 21ms -->
          </step><!-- duration: 10831ms -->
        </step><!-- duration: 13641ms -->
        <step title="Outgoing response" date="2025-10-23T10:26:15.126" type="response" statusCode="200" statusText="OK" /><!-- duration: 92ms -->
      </step><!-- duration: 13898ms -->
