<step title="BackgroundTrace" date="2025-10-16T13:53:26.009" instance="9210fd" url="/api/zipdeploy" method="POST" >
  <step title="Creating temporary deployment - FetchDeploymentManager" date="2025-10-16T13:53:26.120" /><!-- duration: 6ms -->
  <step title="Creating temporary deployment" date="2025-10-16T13:53:26.133" /><!-- duration: 300ms -->
  <step title="Performing fetch based deployment" date="2025-10-16T13:53:26.530" >
    <step title="Cleaning up temp folders from previous zip deployments and extracting pushed zip file /tmp/zipdeploy/7f8574d2-3087-4a36-996e-238df03e7bbb.zip (14.72 MB) to /tmp/zipdeploy/extracted" date="2025-10-16T13:53:27.999" >
      <step title="ChmodRecursive Process exited with total time taken in ms: 51" date="2025-10-16T13:53:29.132" /><!-- duration: 11ms -->
    </step><!-- duration: 1154ms -->
    <step title="Deployment timer started" date="2025-10-16T13:53:31.188" >
      <step title="DeploymentManager.Deploy(id:5d770f55-8e45-4cda-aa4d-01770f8cf09b)" date="2025-10-16T13:53:31.208" >
        <step title="Collecting changeset information" date="2025-10-16T13:53:31.273" /><!-- duration: 108ms -->
        <step title="Updating submodules" date="2025-10-16T13:53:31.392" /><!-- duration: 1218ms -->
        <step title="Determining deployment builder" date="2025-10-16T13:53:33.206" >
          <step title="Builder is BasicBuilder" date="2025-10-16T13:53:33.262" /><!-- duration: 18ms -->
        </step><!-- duration: 82ms -->
        <step title="PreDeployment: context.CleanOutputPath False" date="2025-10-16T13:53:33.376" >
          <step title="PreDeployment: context.OutputPath /home/site/wwwroot" date="2025-10-16T13:53:33.542" >
            <step title="Building" date="2025-10-16T13:53:34.096" >
              <step title="Executing external process" date="2025-10-16T13:53:34.493" type="process" path="starter.sh" arguments="/opt/Kudu/Scripts/parallel_rsync.sh /tmp/zipdeploy/extracted /home/site/wwwroot 8 /tmp/ False True  " /><!-- duration: 7089ms -->
              <step title="Triggering recycle (preview mode disabled)." date="2025-10-16T13:53:42.057" /><!-- duration: 19ms -->
              <step title="Modified file to trigger a restart of the app container." date="2025-10-16T13:53:42.139" /><!-- duration: 6ms -->
              <step title="Skip function trigger and logicapp sync because function is not enabled." date="2025-10-16T13:53:42.155" /><!-- duration: 33ms -->
            </step><!-- duration: 9082ms -->
          </step><!-- duration: 9651ms -->
          <step title="Cleaning up temp files" date="2025-10-16T13:53:43.200" /><!-- duration: 8ms -->
          <step title="Cleaning up temp files" date="2025-10-16T13:53:43.222" /><!-- duration: 507ms -->
          <step title="Reloading status file with latest updates" date="2025-10-16T13:53:43.788" >
            <step title="WebHooksManager.PublishEventAsync: PostDeployment" date="2025-10-16T13:53:43.796" /><!-- duration: 103ms -->
          </step><!-- duration: 119ms -->
          <step title="Cleaning up temporary deployment - fetch deployment was successful" date="2025-10-16T13:53:43.915" /><!-- duration: 8ms -->
        </step><!-- duration: 10671ms -->
      </step><!-- duration: 12872ms -->
