<step title="Incoming Request" date="2025-10-16T13:53:23.601" instance="9210fd" url="/api/zipdeploy?isAsync=true" method="POST" type="request" pid="821,1,7" Accept="*/*" Host="sxgevalapidev.scm.azurewebsites.net" User-Agent="AZURECLI/2.77.0 (MSI)" Accept-Encoding="gzip, deflate" Authorization="Bea..." Cache-Control="no-cache" Content-Type="application/octet-stream" Content-Length="15435176" x-ms-client-request-id="778a2050-aa97-11f0-b89a-6045bdcf08c2" x-ms-artifact-checksum="27c85fc79f7314cccf532ee442be4954a17c0f80748262e321bae4665b16f98e" X-ARR-LOG-ID="778a2050-aa97-11f0-b89a-6045bdcf08c2" CLIENT-IP="4.213.232.65:34532" X-SITE-DEPLOYMENT-ID="sxgevalapidev" WAS-DEFAULT-HOSTNAME="sxgevalapidev.scm.azurewebsites.net" X-Forwarded-Proto="https" X-AppService-Proto="https" X-Forwarded-TlsVersion="1.3" X-WAWS-Unencoded-URL="/api/zipdeploy?isAsync=true" X-Client-IP="4.213.232.65" X-Client-Port="34532" >
  <step title="ZipPushDeploy" date="2025-10-16T13:53:24.241" >
    <step title="ZipDeploy. Extract zip." date="2025-10-16T13:53:24.261" /><!-- duration: 9ms -->
    <step title="None repository commit" date="2025-10-16T13:53:24.281" >
      <step title="Commit id: 5d770f55-8e45-4cda-aa4d-01770f8cf09b" date="2025-10-16T13:53:24.287" Message="N/A" AuthorName="N/A" AuthorEmail="N/A" /><!-- duration: 6ms -->
    </step><!-- duration: 18ms -->
    <step title="Starting PushDeployAsync" date="2025-10-16T13:53:24.310" /><!-- duration: 14ms -->
    <step title="Writing artifact to /tmp/zipdeploy/7f8574d2-3087-4a36-996e-238df03e7bbb.zip" date="2025-10-16T13:53:24.381" >
      <step title="Writing multipart request body to /tmp/zipdeploy/7f8574d2-3087-4a36-996e-238df03e7bbb.zip" date="2025-10-16T13:53:24.389" /><!-- duration: 6ms -->
    </step><!-- duration: 1595ms -->
    <step title="Start deployment in the background" date="2025-10-16T13:53:26.002" >
      <step title="Acquiring Deployment Lock" date="2025-10-16T13:53:26.039" /><!-- duration: 6ms -->
      <step title="Acquired Deployment Lock" date="2025-10-16T13:53:26.108" /><!-- duration: 7ms -->
    </step><!-- duration: 440ms -->
  </step><!-- duration: 2212ms -->
  <step title="Outgoing response" date="2025-10-16T13:53:26.481" type="response" statusCode="202" statusText="Accepted" /><!-- duration: 8ms -->
</step><!-- duration: 2894ms -->
