<step title="Incoming Request" date="2025-10-08T14:06:20.164" instance="b9972c" url="/api/publish?type=zip" method="POST" type="request" pid="825,1,19" Accept="*/*" Host="sxgevalapidev.scm.azurewebsites.net" User-Agent="AZURECLI/2.77.0 (MSI)" Accept-Encoding="gzip, deflate" Authorization="Bea..." Cache-Control="no-cache" Content-Type="application/octet-stream" Cookie="ARRAffinity=b9972c7b5014a11146e04035fe1b8e55b22384befd7977a509e8dc0bac9e644f; ARRAffinitySameSite=b9972c7b5014a11146e04035fe1b8e55b22384befd7977a509e8dc0bac9e644f" Content-Length="15077945" x-ms-client-request-id="edd6283a-a44f-11f0-b831-6045bdcf08c2" x-ms-artifact-checksum="d287161929e251f36f81e0e9b5485280e6be7be55e518acd93dc1db30b38007e" X-ARR-LOG-ID="edd6283a-a44f-11f0-b831-6045bdcf08c2" CLIENT-IP="4.213.232.64:48210" X-SITE-DEPLOYMENT-ID="sxgevalapidev" WAS-DEFAULT-HOSTNAME="sxgevalapidev.scm.azurewebsites.net" X-Forwarded-Proto="https" X-AppService-Proto="https" X-Forwarded-TlsVersion="1.3" X-WAWS-Unencoded-URL="/api/publish?type=zip" X-Client-IP="4.213.232.64" X-Client-Port="48210" >
  <step title="Cleanup Xml Logs" date="2025-10-08T14:06:20.171" /><!-- duration: 13ms -->
  <step title="OneDeploy" date="2025-10-08T14:06:20.349" >
    <step title="None repository commit" date="2025-10-08T14:06:20.371" >
      <step title="Commit id: fd93af51-26a1-472d-a8ad-c8c98d08508c" date="2025-10-08T14:06:20.377" Message="N/A" AuthorName="N/A" AuthorEmail="N/A" /><!-- duration: 6ms -->
    </step><!-- duration: 19ms -->
    <step title="Starting PushDeployAsync" date="2025-10-08T14:06:20.396" /><!-- duration: 6ms -->
    <step title="Writing artifact to /tmp/zipdeploy/bfded3a2-9512-4808-83fc-08070b027e4b.zip" date="2025-10-08T14:06:20.460" >
      <step title="Writing multipart request body to /tmp/zipdeploy/bfded3a2-9512-4808-83fc-08070b027e4b.zip" date="2025-10-08T14:06:20.470" /><!-- duration: 13ms -->
    </step><!-- duration: 2648ms -->
    <step title="Attempting to fetch target branch HEAD" date="2025-10-08T14:06:23.133" /><!-- duration: 6ms -->
    <step title="Acquiring Deployment Lock" date="2025-10-08T14:06:23.148" /><!-- duration: 7ms -->
    <step title="Acquired Deployment Lock" date="2025-10-08T14:06:23.203" /><!-- duration: 16ms -->
    <step title="Performing fetch based deployment" date="2025-10-08T14:06:23.237" >
      <step title="Creating temporary deployment" date="2025-10-08T14:06:23.245" /><!-- duration: 177ms -->
      <step title="Releasing Deployment Lock" date="2025-10-08T14:06:24.725" /><!-- duration: 26ms -->
      <step title="Cleaning up temp folders from previous zip deployments and extracting pushed zip file /tmp/zipdeploy/bfded3a2-9512-4808-83fc-08070b027e4b.zip (14.38 MB) to /tmp/zipdeploy/extracted" date="2025-10-08T14:06:24.890" >
        <step title="ChmodRecursive Process exited with total time taken in ms: 69" date="2025-10-08T14:06:26.780" /><!-- duration: 12ms -->
      </step><!-- duration: 1909ms -->
      <step title="None repository commit" date="2025-10-08T14:06:26.813" >
        <step title="Commit id: fd93af51-26a1-472d-a8ad-c8c98d08508c" date="2025-10-08T14:06:26.821" Message="OneDeploy" AuthorName="N/A" AuthorEmail="N/A" /><!-- duration: 6ms -->
      </step><!-- duration: 20ms -->
      <step title="Deployment timer started" date="2025-10-08T14:06:28.843" >
        <step title="DeploymentManager.Deploy(id:fd93af51-26a1-472d-a8ad-c8c98d08508c)" date="2025-10-08T14:06:28.864" >
          <step title="Collecting changeset information" date="2025-10-08T14:06:28.907" /><!-- duration: 131ms -->
          <step title="Updating submodules" date="2025-10-08T14:06:29.052" /><!-- duration: 1526ms -->
          <step title="Determining deployment builder" date="2025-10-08T14:06:30.988" >
            <step title="Builder is OneDeployBuilder" date="2025-10-08T14:06:31.028" /><!-- duration: 15ms -->
          </step><!-- duration: 65ms -->
          <step title="PreDeployment: context.CleanOutputPath False" date="2025-10-08T14:06:31.207" >
            <step title="PreDeployment: context.OutputPath /home/site/wwwroot" date="2025-10-08T14:06:31.413" >
              <step title="Building" date="2025-10-08T14:06:31.648" >
                <step title="Executing external process" date="2025-10-08T14:06:32.459" type="process" path="starter.sh" arguments="/opt/Kudu/Scripts/parallel_rsync.sh /tmp/zipdeploy/extracted /home/site/wwwroot 8 /tmp/ False False  " /><!-- duration: 9468ms -->
                <step title="Modified file to trigger a restart of the app container." date="2025-10-08T14:06:42.523" /><!-- duration: 8ms -->
                <step title="Skip function trigger and logicapp sync because function is not enabled." date="2025-10-08T14:06:42.540" /><!-- duration: 13ms -->
              </step><!-- duration: 11979ms -->
            </step><!-- duration: 12231ms -->
            <step title="Cleaning up temp files" date="2025-10-08T14:06:43.651" /><!-- duration: 11ms -->
            <step title="Cleaning up temp files" date="2025-10-08T14:06:43.671" /><!-- duration: 511ms -->
            <step title="Reloading status file with latest updates" date="2025-10-08T14:06:44.230" >
              <step title="WebHooksManager.PublishEventAsync: PostDeployment" date="2025-10-08T14:06:44.240" /><!-- duration: 86ms -->
            </step><!-- duration: 105ms -->
            <step title="Cleaning up temporary deployment - fetch deployment was successful" date="2025-10-08T14:06:44.346" /><!-- duration: 6ms -->
          </step><!-- duration: 13254ms -->
        </step><!-- duration: 15611ms -->
        <step title="Outgoing response" date="2025-10-08T14:06:44.487" type="response" statusCode="200" statusText="OK" /><!-- duration: 9ms -->
      </step><!-- duration: 15659ms -->
