<step title="Incoming Request" date="2025-10-22T10:57:10.784" instance="9210fd" url="/api/publish?type=zip" method="POST" type="request" pid="823,1,104" Accept="*/*" Host="sxgevalapidev.scm.azurewebsites.net" User-Agent="AZURECLI/2.77.0 (MSI)" Accept-Encoding="gzip, deflate" Authorization="Bea..." Cache-Control="no-cache" Content-Type="application/octet-stream" Cookie="ARRAffinity=9210fd0c122fc1540c5ef9761b8a41ef990a83aba6c660ea67bdb222b82cd884; ARRAffinitySameSite=9210fd0c122fc1540c5ef9761b8a41ef990a83aba6c660ea67bdb222b82cd884" Content-Length="15643986" x-ms-client-request-id="cfab70c4-af35-11f0-bcf3-6045bdcf08c2" x-ms-artifact-checksum="da153bb083e65f989d6e618a6ace34f1dad95daf94f57c1fe332a32968407872" X-ARR-LOG-ID="cfab70c4-af35-11f0-bcf3-6045bdcf08c2" CLIENT-IP="4.213.232.66:62411" X-SITE-DEPLOYMENT-ID="sxgevalapidev" WAS-DEFAULT-HOSTNAME="sxgevalapidev.scm.azurewebsites.net" X-Forwarded-Proto="https" X-AppService-Proto="https" X-Forwarded-TlsVersion="1.3" X-WAWS-Unencoded-URL="/api/publish?type=zip" X-Client-IP="4.213.232.66" X-Client-Port="62411" >
  <step title="Cleanup Xml Logs" date="2025-10-22T10:57:11.107" /><!-- duration: 792ms -->
  <step title="OneDeploy" date="2025-10-22T10:57:16.626" >
    <step title="None repository commit" date="2025-10-22T10:57:17.117" >
      <step title="Commit id: 8b062b72-dc5b-43b2-8f09-9300a8c719b0" date="2025-10-22T10:57:17.158" Message="N/A" AuthorName="N/A" AuthorEmail="N/A" /><!-- duration: 101ms -->
    </step><!-- duration: 201ms -->
    <step title="Starting PushDeployAsync" date="2025-10-22T10:57:17.369" /><!-- duration: 51ms -->
    <step title="Writing artifact to /tmp/zipdeploy/0c61c4fd-829f-434b-9d71-e6b090ba3622.zip" date="2025-10-22T10:57:18.556" >
      <step title="Writing multipart request body to /tmp/zipdeploy/0c61c4fd-829f-434b-9d71-e6b090ba3622.zip" date="2025-10-22T10:57:18.648" /><!-- duration: 129ms -->
    </step><!-- duration: 13528ms -->
    <step title="Attempting to fetch target branch HEAD" date="2025-10-22T10:57:32.828" /><!-- duration: 61ms -->
    <step title="Acquiring Deployment Lock" date="2025-10-22T10:57:33.321" /><!-- duration: 61ms -->
    <step title="Acquired Deployment Lock" date="2025-10-22T10:57:34.378" /><!-- duration: 180ms -->
    <step title="Performing fetch based deployment" date="2025-10-22T10:57:34.993" >
      <step title="Creating temporary deployment" date="2025-10-22T10:57:35.343" /><!-- duration: 2647ms -->
      <step title="Releasing Deployment Lock" date="2025-10-22T10:57:44.535" /><!-- duration: 110ms -->
      <step title="Cleaning up temp folders from previous zip deployments and extracting pushed zip file /tmp/zipdeploy/0c61c4fd-829f-434b-9d71-e6b090ba3622.zip (14.92 MB) to /tmp/zipdeploy/extracted" date="2025-10-22T10:57:46.094" >
        <step title="ChmodRecursive Process exited with total time taken in ms: 730" date="2025-10-22T10:58:07.843" /><!-- duration: 392ms -->
      </step><!-- duration: 22615ms -->
      <step title="None repository commit" date="2025-10-22T10:58:09.071" >
        <step title="Commit id: 8b062b72-dc5b-43b2-8f09-9300a8c719b0" date="2025-10-22T10:58:09.091" Message="OneDeploy" AuthorName="N/A" AuthorEmail="N/A" /><!-- duration: 88ms -->
      </step><!-- duration: 159ms -->
      <step title="Deployment timer started" date="2025-10-22T10:58:11.554" >
        <step title="DeploymentManager.Deploy(id:8b062b72-dc5b-43b2-8f09-9300a8c719b0)" date="2025-10-22T10:58:11.684" >
          <step title="Collecting changeset information" date="2025-10-22T10:58:12.478" /><!-- duration: 1066ms -->
          <step title="Updating submodules" date="2025-10-22T10:58:13.664" /><!-- duration: 1903ms -->
          <step title="Determining deployment builder" date="2025-10-22T10:58:17.056" >
            <step title="Builder is OneDeployBuilder" date="2025-10-22T10:58:17.456" /><!-- duration: 32ms -->
          </step><!-- duration: 590ms -->
          <step title="PreDeployment: context.CleanOutputPath False" date="2025-10-22T10:58:18.182" >
            <step title="PreDeployment: context.OutputPath /home/site/wwwroot" date="2025-10-22T10:58:19.024" >
              <step title="Building" date="2025-10-22T10:58:19.728" >
                <step title="Executing external process" date="2025-10-22T10:58:24.710" type="process" path="starter.sh" arguments="/opt/Kudu/Scripts/parallel_rsync.sh /tmp/zipdeploy/extracted /home/site/wwwroot 8 /tmp/ False False  " 