<step title="Incoming Request" date="2025-10-28T03:36:22.619" instance="9210fd" url="/api/publish?type=zip&amp;async=False" method="POST" type="request" pid="823,1,32" Accept="*/*" Host="sxgevalapidev.scm.azurewebsites.net" User-Agent="AZURECLI/2.77.0 (MSI)" Accept-Encoding="gzip, deflate" Authorization="Bea..." Cache-Control="no-cache" Content-Type="application/octet-stream" Cookie="ARRAffinity=9210fd0c122fc1540c5ef9761b8a41ef990a83aba6c660ea67bdb222b82cd884; ARRAffinitySameSite=9210fd0c122fc1540c5ef9761b8a41ef990a83aba6c660ea67bdb222b82cd884" Content-Length="15873011" x-ms-client-request-id="3d96c631-b3af-11f0-9454-6045bdcf08c2" x-ms-artifact-checksum="fb50f4dc92c518a2be3b4e8c8663c95d8899bbe05af0c624329dbf667b46230e" X-ARR-LOG-ID="3d96c631-b3af-11f0-9454-6045bdcf08c2" CLIENT-IP="4.213.232.65:13629" X-SITE-DEPLOYMENT-ID="sxgevalapidev" WAS-DEFAULT-HOSTNAME="sxgevalapidev.scm.azurewebsites.net" X-Forwarded-Proto="https" X-AppService-Proto="https" X-Forwarded-TlsVersion="1.3" X-WAWS-Unencoded-URL="/api/publish?type=zip&amp;async=False" X-Client-IP="4.213.232.65" X-Client-Port="13629" >
  <step title="Cleanup Xml Logs" date="2025-10-28T03:36:22.629" /><!-- duration: 20ms -->
  <step title="OneDeploy" date="2025-10-28T03:36:22.718" >
    <step title="Starting PushDeployAsync" date="2025-10-28T03:36:22.757" /><!-- duration: 21ms -->
    <step title="Writing artifact to /tmp/zipdeploy/a0c4f3fa-07d2-4300-af0d-c13675ac165b.zip" date="2025-10-28T03:36:22.828" >
      <step title="Writing multipart request body to /tmp/zipdeploy/a0c4f3fa-07d2-4300-af0d-c13675ac165b.zip" date="2025-10-28T03:36:22.908" /><!-- duration: 12ms -->
    </step><!-- duration: 1527ms -->
    <step title="Attempting to fetch target branch HEAD" date="2025-10-28T03:36:24.378" /><!-- duration: 5ms -->
    <step title="Acquiring Deployment Lock" date="2025-10-28T03:36:24.389" /><!-- duration: 7ms -->
    <step title="Acquired Deployment Lock" date="2025-10-28T03:36:24.434" /><!-- duration: 6ms -->
    <step title="Performing fetch based deployment" date="2025-10-28T03:36:24.450" >
      <step title="Creating temporary deployment" date="2025-10-28T03:36:24.465" /><!-- duration: 116ms -->
      <step title="Releasing Deployment Lock" date="2025-10-28T03:36:26.047" /><!-- duration: 30ms -->
      <step title="Cleaning up temp folders from previous zip deployments and extracting pushed zip file /tmp/zipdeploy/a0c4f3fa-07d2-4300-af0d-c13675ac165b.zip (15.14 MB) to /tmp/zipdeploy/extracted" date="2025-10-28T03:36:26.197" >
        <step title="ChmodRecursive Process exited with total time taken in ms: 58" date="2025-10-28T03:36:27.824" /><!-- duration: 11ms -->
      </step><!-- duration: 1649ms -->
      <step title="None repository commit" date="2025-10-28T03:36:27.856" >
        <step title="Commit id: a4252bc4-19ce-45c4-9f15-32b4bb566424" date="2025-10-28T03:36:27.866" Message="OneDeploy" AuthorName="N/A" AuthorEmail="N/A" /><!-- duration: 5ms -->
      </step><!-- duration: 21ms -->
      <step title="Deployment timer started" date="2025-10-28T03:36:29.885" >
        <step title="DeploymentManager.Deploy(id:a4252bc4-19ce-45c4-9f15-32b4bb566424)" date="2025-10-28T03:36:29.923" >
          <step title="Collecting changeset information" date="2025-10-28T03:36:29.954" /><!-- duration: 132ms -->
          <step title="Updating submodules" date="2025-10-28T03:36:30.095" /><!-- duration: 1187ms -->
          <step title="Determining deployment builder" date="2025-10-28T03:36:31.533" >
            <step title="Builder is OneDeployBuilder" date="2025-10-28T03:36:31.550" /><!-- duration: 4ms -->
          </step><!-- duration: 27ms -->
          <step title="PreDeployment: context.CleanOutputPath False" date="2025-10-28T03:36:31.644" >
            <step title="PreDeployment: context.OutputPath /home/site/wwwroot" date="2025-10-28T03:36:31.796" >
              <step title="Building" date="2025-10-28T03:36:32.037" >
                <step title="Executing external process" date="2025-10-28T03:36:32.715" type="process" path="starter.sh" arguments="/opt/Kudu/Scripts/parallel_rsync.sh /tmp/zipdeploy/extracted /home/site/wwwroot 8 /tmp/ False False  " /><!-- duration: 5044ms -->
                <step title="Modified file to trigger a restart of the app container." date="2025-10-28T03:36:38.357" /><!-- duration: 6ms -->
                <step title="Skip function trigger and logicapp sync because function is not enabled." date="2025-10-28T03:36:38.373" /><!-- duration: 5ms -->
              </step><!-- duration: 7515ms -->
            </step><!-- duration: 7775ms -->
            <step title="Cleaning up temp files" date="2025-10-28T03:36:39.577" /><!-- duration: 5ms -->
            <step title="Cleaning up temp files" date="2025-10-28T03:36:39.592" /><!-- duration: 516ms -->
            <step title="Reloading status file with latest updates" date="2025-10-28T03:36:40.159" >
              <step title="WebHooksManager.PublishEventAsync: PostDeployment" date="2025-10-28T03:36:40.165" /><!-- duration: 119ms -->
            </step><!-- duration: 131ms -->
            <step title="Cleaning up temporary deployment - fetch deployment was successful" date="2025-10-28T03:36:40.297" /><!-- duration: 6ms -->
          </step><!-- duration: 8726ms -->
        </step><!-- duration: 10454ms -->
        <step title="Outgoing response" date="2025-10-28T03:36:40.386" type="response" statusCode="200" statusText="OK" /><!-- duration: 5ms -->
      </step><!-- duration: 10510ms -->
