<step title="Incoming Request" date="2025-10-08T13:12:23.499" instance="b9972c" url="/api/publish?type=zip" method="POST" type="request" pid="822,1,7" Accept="*/*" Host="sxgevalapidev.scm.azurewebsites.net" User-Agent="AZURECLI/2.77.0 (MSI)" Accept-Encoding="gzip, deflate" Authorization="Bea..." Cache-Control="no-cache" Content-Type="application/octet-stream" Cookie="ARRAffinity=b9972c7b5014a11146e04035fe1b8e55b22384befd7977a509e8dc0bac9e644f; ARRAffinitySameSite=b9972c7b5014a11146e04035fe1b8e55b22384befd7977a509e8dc0bac9e644f" Content-Length="15047611" x-ms-client-request-id="655a11ec-a448-11f0-992c-6045bdcf08c2" x-ms-artifact-checksum="b4096c468fc7ff223f9f04f35b453e62492f2c7682e34cd72522b119be429c24" X-ARR-LOG-ID="655a11ec-a448-11f0-992c-6045bdcf08c2" CLIENT-IP="4.213.232.70:10885" X-SITE-DEPLOYMENT-ID="sxgevalapidev" WAS-DEFAULT-HOSTNAME="sxgevalapidev.scm.azurewebsites.net" X-Forwarded-Proto="https" X-AppService-Proto="https" X-Forwarded-TlsVersion="1.3" X-WAWS-Unencoded-URL="/api/publish?type=zip" X-Client-IP="4.213.232.70" X-Client-Port="10885" >
  <step title="Cleanup Xml Logs" date="2025-10-08T13:12:23.530" /><!-- duration: 56ms -->
  <step title="OneDeploy" date="2025-10-08T13:12:23.936" >
    <step title="None repository commit" date="2025-10-08T13:12:23.992" >
      <step title="Commit id: 24aa463a-2b9a-448b-911d-7e8e84499813" date="2025-10-08T13:12:24.013" Message="N/A" AuthorName="N/A" AuthorEmail="N/A" /><!-- duration: 47ms -->
    </step><!-- duration: 80ms -->
    <step title="Starting PushDeployAsync" date="2025-10-08T13:12:24.089" /><!-- duration: 19ms -->
    <step title="Writing artifact to /tmp/zipdeploy/9ea6d7a4-9126-4c8e-91fb-74111c8d36a6.zip" date="2025-10-08T13:12:24.291" >
      <step title="Writing multipart request body to /tmp/zipdeploy/9ea6d7a4-9126-4c8e-91fb-74111c8d36a6.zip" date="2025-10-08T13:12:24.351" /><!-- duration: 45ms -->
    </step><!-- duration: 1691ms -->
    <step title="Attempting to fetch target branch HEAD" date="2025-10-08T13:12:26.049" /><!-- duration: 11ms -->
    <step title="Acquiring Deployment Lock" date="2025-10-08T13:12:26.101" /><!-- duration: 36ms -->
    <step title="Acquired Deployment Lock" date="2025-10-08T13:12:26.311" /><!-- duration: 30ms -->
    <step title="Performing fetch based deployment" date="2025-10-08T13:12:26.388" >
      <step title="Creating temporary deployment" date="2025-10-08T13:12:26.408" /><!-- duration: 281ms -->
      <step title="Releasing Deployment Lock" date="2025-10-08T13:12:28.333" /><!-- duration: 27ms -->
      <step title="Cleaning up temp folders from previous zip deployments and extracting pushed zip file /tmp/zipdeploy/9ea6d7a4-9126-4c8e-91fb-74111c8d36a6.zip (14.35 MB) to /tmp/zipdeploy/extracted" date="2025-10-08T13:12:28.546" >
        <step title="ChmodRecursive Process exited with total time taken in ms: 59" date="2025-10-08T13:12:30.014" /><!-- duration: 14ms -->
      </step><!-- duration: 1496ms -->
      <step title="None repository commit" date="2025-10-08T13:12:30.056" >
        <step title="Commit id: 24aa463a-2b9a-448b-911d-7e8e84499813" date="2025-10-08T13:12:30.062" Message="OneDeploy" AuthorName="N/A" AuthorEmail="N/A" /><!-- duration: 6ms -->
      </step><!-- duration: 19ms -->
      <step title="Deployment timer started" date="2025-10-08T13:12:32.098" >
        <step title="DeploymentManager.Deploy(id:24aa463a-2b9a-448b-911d-7e8e84499813)" date="2025-10-08T13:12:32.119" >
          <step title="Collecting changeset information" date="2025-10-08T13:12:32.169" /><!-- duration: 160ms -->
          <step title="Updating submodules" date="2025-10-08T13:12:32.342" /><!-- duration: 1186ms -->
          <step title="Determining deployment builder" date="2025-10-08T13:12:33.871" >
            <step title="Builder is OneDeployBuilder" date="2025-10-08T13:12:33.894" /><!-- duration: 12ms -->
          </step><!-- duration: 43ms -->
          <step title="PreDeployment: context.CleanOutputPath False" date="2025-10-08T13:12:33.983" >
            <step title="PreDeployment: context.OutputPath /home/site/wwwroot" date="2025-10-08T13:12:34.156" >
              <step title="Building" date="2025-10-08T13:12:34.386" >
                <step title="Executing external process" date="2025-10-08T13:12:35.032" type="process" path="starter.sh" arguments="/opt/Kudu/Scripts/parallel_rsync.sh /tmp/zipdeploy/extracted /home/site/wwwroot 8 /tmp/ False False  " /><!-- duration: 13608ms -->
                <step title="Modified file to trigger a restart of the app container." date="2025-10-08T13:12:49.210" /><!-- duration: 8ms -->
                <step title="Skip function trigger and logicapp sync because function is not enabled." date="2025-10-08T13:12:49.254" /><!-- duration: 7ms -->
              </step><!-- duration: 15789ms -->
            </step><!-- duration: 16049ms -->
            <step title="Cleaning up temp files" date="2025-10-08T13:12:50.211" /><!-- duration: 18ms -->
            <step title="Cleaning up temp files" date="2025-10-08T13:12:50.243" /><!-- duration: 509ms -->
            <step title="Reloading status file with latest updates" date="2025-10-08T13:12:50.801" >
              <step title="WebHooksManager.PublishEventAsync: PostDeployment" date="2025-10-08T13:12:50.828" /><!-- duration: 171ms -->
            </step><!-- duration: 211ms -->
            <step title="Cleaning up temporary deployment - fetch deployment was successful" date="2025-10-08T13:12:51.028" /><!-- duration: 6ms -->
          </step><!-- duration: 17144ms -->
        </step><!-- duration: 19019ms -->
        <step title="Outgoing response" date="2025-10-08T13:12:51.152" type="response" statusCode="200" statusText="OK" /><!-- duration: 8ms -->
      </step><!-- duration: 19071ms -->
