<step title="Incoming Request" date="2025-10-28T05:04:58.224" instance="9210fd" url="/api/publish?type=zip&amp;async=False" method="POST" type="request" pid="823,1,29" Accept="*/*" Host="sxgevalapidev.scm.azurewebsites.net" User-Agent="AZURECLI/2.77.0 (MSI)" Accept-Encoding="gzip, deflate" Authorization="Bea..." Cache-Control="no-cache" Content-Type="application/octet-stream" Cookie="ARRAffinity=9210fd0c122fc1540c5ef9761b8a41ef990a83aba6c660ea67bdb222b82cd884; ARRAffinitySameSite=9210fd0c122fc1540c5ef9761b8a41ef990a83aba6c660ea67bdb222b82cd884" Content-Length="15876861" x-ms-client-request-id="9ee64a95-b3bb-11f0-be4d-6045bdcf08c2" x-ms-artifact-checksum="6ed569d4ea95f57d9cc962dd1231efb4732e5086258bf020f2641c8e8e097b9e" X-ARR-LOG-ID="9ee64a95-b3bb-11f0-be4d-6045bdcf08c2" CLIENT-IP="4.213.232.70:11598" X-SITE-DEPLOYMENT-ID="sxgevalapidev" WAS-DEFAULT-HOSTNAME="sxgevalapidev.scm.azurewebsites.net" X-Forwarded-Proto="https" X-AppService-Proto="https" X-Forwarded-TlsVersion="1.3" X-WAWS-Unencoded-URL="/api/publish?type=zip&amp;async=False" X-Client-IP="4.213.232.70" X-Client-Port="11598" >
  <step title="Cleanup Xml Logs" date="2025-10-28T05:04:58.232" /><!-- duration: 16ms -->
  <step title="OneDeploy" date="2025-10-28T05:04:58.392" >
    <step title="Starting PushDeployAsync" date="2025-10-28T05:04:58.422" /><!-- duration: 22ms -->
    <step title="Writing artifact to /tmp/zipdeploy/eeff1147-6c62-4204-a81d-eee3d875ea33.zip" date="2025-10-28T05:04:58.503" >
      <step title="Writing multipart request body to /tmp/zipdeploy/eeff1147-6c62-4204-a81d-eee3d875ea33.zip" date="2025-10-28T05:04:58.524" /><!-- duration: 30ms -->
    </step><!-- duration: 1883ms -->
    <step title="Attempting to fetch target branch HEAD" date="2025-10-28T05:05:00.406" /><!-- duration: 5ms -->
    <step title="Acquiring Deployment Lock" date="2025-10-28T05:05:00.426" /><!-- duration: 5ms -->
    <step title="Acquired Deployment Lock" date="2025-10-28T05:05:00.508" /><!-- duration: 7ms -->
    <step title="Performing fetch based deployment" date="2025-10-28T05:05:00.542" >
      <step title="Creating temporary deployment" date="2025-10-28T05:05:00.558" /><!-- duration: 87ms -->
      <step title="Releasing Deployment Lock" date="2025-10-28T05:05:01.974" /><!-- duration: 40ms -->
      <step title="Cleaning up temp folders from previous zip deployments and extracting pushed zip file /tmp/zipdeploy/eeff1147-6c62-4204-a81d-eee3d875ea33.zip (15.14 MB) to /tmp/zipdeploy/extracted" date="2025-10-28T05:05:02.163" >
        <step title="ChmodRecursive Process exited with total time taken in ms: 81" date="2025-10-28T05:05:04.378" /><!-- duration: 9ms -->
      </step><!-- duration: 2231ms -->
      <step title="None repository commit" date="2025-10-28T05:05:04.412" >
        <step title="Commit id: 511ca419-af0c-46bb-89a3-279d4dc98b27" date="2025-10-28T05:05:04.418" Message="OneDeploy" AuthorName="N/A" AuthorEmail="N/A" /><!-- duration: 6ms -->
      </step><!-- duration: 42ms -->
      <step title="Deployment timer started" date="2025-10-28T05:05:06.465" >
        <step title="DeploymentManager.Deploy(id:511ca419-af0c-46bb-89a3-279d4dc98b27)" date="2025-10-28T05:05:06.477" >
          <step title="Collecting changeset information" date="2025-10-28T05:05:06.494" /><!-- duration: 113ms -->
          <step title="Updating submodules" date="2025-10-28T05:05:06.616" /><!-- duration: 1200ms -->
          <step title="Determining deployment builder" date="2025-10-28T05:05:08.182" >
            <step title="Builder is OneDeployBuilder" date="2025-10-28T05:05:08.217" /><!-- duration: 5ms -->
          </step><!-- duration: 52ms -->
          <step title="PreDeployment: context.CleanOutputPath False" date="2025-10-28T05:05:08.302" >
            <step title="PreDeployment: context.OutputPath /home/site/wwwroot" date="2025-10-28T05:05:08.481" >
              <step title="Building" date="2025-10-28T05:05:09.647" >
                <step title="Executing external process" date="2025-10-28T05:05:10.371" type="process" path="starter.sh" arguments="/opt/Kudu/Scripts/parallel_rsync.sh /tmp/zipdeploy/extracted /home/site/wwwroot 8 /tmp/ False False  " /><!-- duration: 5204ms -->
                <step title="Modified file to trigger a restart of the app container." date="2025-10-28T05:05:16.092" /><!-- duration: 6ms -->
                <step title="Skip function trigger and logicapp sync because function is not enabled." date="2025-10-28T05:05:16.113" /><!-- duration: 6ms -->
              </step><!-- duration: 8700ms -->
            </step><!-- duration: 9888ms -->
            <step title="Cleaning up temp files" date="2025-10-28T05:05:18.375" /><!-- duration: 13ms -->
            <step title="Cleaning up temp files" date="2025-10-28T05:05:18.406" /><!-- duration: 508ms -->
            <step title="Reloading status file with latest updates" date="2025-10-28T05:05:18.976" >
              <step title="WebHooksManager.PublishEventAsync: PostDeployment" date="2025-10-28T05:05:18.987" /><!-- duration: 39ms -->
            </step><!-- duration: 58ms -->
            <step title="Cleaning up temporary deployment - fetch deployment was successful" date="2025-10-28T05:05:19.046" /><!-- duration: 6ms -->
          </step><!-- duration: 10854ms -->
        </step><!-- duration: 12687ms -->
        <step title="Outgoing response" date="2025-10-28T05:05:19.171" type="response" statusCode="200" statusText="OK" /><!-- duration: 14ms -->
      </step><!-- duration: 12737ms -->
