<step title="Incoming Request" date="2025-10-22T15:00:15.540" instance="9210fd" url="/api/publish?type=zip&amp;async=False" method="POST" type="request" pid="823,1,71" Accept="*/*" Host="sxgevalapidev.scm.azurewebsites.net" User-Agent="AZURECLI/2.77.0 (MSI)" Accept-Encoding="gzip, deflate" Authorization="Bea..." Cache-Control="no-cache" Content-Type="application/octet-stream" Cookie="ARRAffinity=9210fd0c122fc1540c5ef9761b8a41ef990a83aba6c660ea67bdb222b82cd884; ARRAffinitySameSite=9210fd0c122fc1540c5ef9761b8a41ef990a83aba6c660ea67bdb222b82cd884" Content-Length="15658975" x-ms-client-request-id="c58455da-af57-11f0-928d-6045bdcf08c2" x-ms-artifact-checksum="202c637d8828a542d7a6d021cc3d2160fa71994d57e8e2aff1ac113561f9f6f0" X-ARR-LOG-ID="c58455da-af57-11f0-928d-6045bdcf08c2" CLIENT-IP="4.213.232.66:2233" X-SITE-DEPLOYMENT-ID="sxgevalapidev" WAS-DEFAULT-HOSTNAME="sxgevalapidev.scm.azurewebsites.net" X-Forwarded-Proto="https" X-AppService-Proto="https" X-Forwarded-TlsVersion="1.3" X-WAWS-Unencoded-URL="/api/publish?type=zip&amp;async=False" X-Client-IP="4.213.232.66" X-Client-Port="2233" >
  <step title="Cleanup Xml Logs" date="2025-10-22T15:00:15.547" /><!-- duration: 17ms -->
  <step title="OneDeploy" date="2025-10-22T15:00:15.667" >
    <step title="Starting PushDeployAsync" date="2025-10-22T15:00:15.687" /><!-- duration: 6ms -->
    <step title="Writing artifact to /tmp/zipdeploy/d668c6aa-7b76-41e4-97d5-c98e525619e8.zip" date="2025-10-22T15:00:15.726" >
      <step title="Writing multipart request body to /tmp/zipdeploy/d668c6aa-7b76-41e4-97d5-c98e525619e8.zip" date="2025-10-22T15:00:15.744" /><!-- duration: 20ms -->
    </step><!-- duration: 3110ms -->
    <step title="Attempting to fetch target branch HEAD" date="2025-10-22T15:00:19.016" /><!-- duration: 30ms -->
    <step title="Acquiring Deployment Lock" date="2025-10-22T15:00:19.099" /><!-- duration: 16ms -->
    <step title="Acquired Deployment Lock" date="2025-10-22T15:00:19.199" /><!-- duration: 6ms -->
    <step title="Performing fetch based deployment" date="2025-10-22T15:00:19.218" >
      <step title="Creating temporary deployment" date="2025-10-22T15:00:19.230" /><!-- duration: 133ms -->
      <step title="Releasing Deployment Lock" date="2025-10-22T15:00:20.576" /><!-- duration: 35ms -->
      <step title="Cleaning up temp folders from previous zip deployments and extracting pushed zip file /tmp/zipdeploy/d668c6aa-7b76-41e4-97d5-c98e525619e8.zip (14.93 MB) to /tmp/zipdeploy/extracted" date="2025-10-22T15:00:20.799" >
        <step title="ChmodRecursive Process exited with total time taken in ms: 84" date="2025-10-22T15:00:22.748" /><!-- duration: 9ms -->
      </step><!-- duration: 1973ms -->
      <step title="None repository commit" date="2025-10-22T15:00:22.784" >
        <step title="Commit id: 04d8d7b4-c4d0-4973-bdcf-71687a46aa69" date="2025-10-22T15:00:22.790" Message="OneDeploy" AuthorName="N/A" AuthorEmail="N/A" /><!-- duration: 7ms -->
      </step><!-- duration: 19ms -->
      <step title="Deployment timer started" date="2025-10-22T15:00:24.815" >
        <step title="DeploymentManager.Deploy(id:04d8d7b4-c4d0-4973-bdcf-71687a46aa69)" date="2025-10-22T15:00:24.829" >
          <step title="Collecting changeset information" date="2025-10-22T15:00:24.881" /><!-- duration: 136ms -->
          <step title="Updating submodules" date="2025-10-22T15:00:25.028" /><!-- duration: 1171ms -->
          <step title="Determining deployment builder" date="2025-10-22T15:00:26.605" >
            <step title="Builder is OneDeployBuilder" date="2025-10-22T15:00:26.633" /><!-- duration: 7ms -->
          </step><!-- duration: 40ms -->
          <step title="PreDeployment: context.CleanOutputPath False" date="2025-10-22T15:00:26.728" >
            <step title="PreDeployment: context.OutputPath /home/site/wwwroot" date="2025-10-22T15:00:26.947" >
              <step title="Building" date="2025-10-22T15:00:27.162" >
                <step title="Executing external process" date="2025-10-22T15:00:27.916" type="process" path="starter.sh" arguments="/opt/Kudu/Scripts/parallel_rsync.sh /tmp/zipdeploy/extracted /home/site/wwwroot 8 /tmp/ False False  " /><!-- duration: 5603ms -->
                <step title="Modified file to trigger a restart of the app container." date="2025-10-22T15:00:34.201" /><!-- duration: 6ms -->
                <step title="Skip function trigger and logicapp sync because function is not enabled." date="2025-10-22T15:00:34.224" /><!-- duration: 7ms -->
              </step><!-- duration: 8333ms -->
            </step><!-- duration: 8569ms -->
            <step title="Cleaning up temp files" date="2025-10-22T15:00:35.522" /><!-- duration: 9ms -->
            <step title="Cleaning up temp files" date="2025-10-22T15:00:35.541" /><!-- duration: 520ms -->
            <step title="Reloading status file with latest updates" date="2025-10-22T15:00:36.098" >
              <step title="WebHooksManager.PublishEventAsync: PostDeployment" date="2025-10-22T15:00:36.107" /><!-- duration: 57ms -->
            </step><!-- duration: 73ms -->
            <step title="Cleaning up temporary deployment - fetch deployment was successful" date="2025-10-22T15:00:36.184" /><!-- duration: 5ms -->
          </step><!-- duration: 9565ms -->
        </step><!-- duration: 11484ms -->
        <step title="Outgoing response" date="2025-10-22T15:00:36.327" type="response" statusCode="200" statusText="OK" /><!-- duration: 8ms -->
      </step><!-- duration: 11525ms -->
