<step title="Incoming Request" date="2025-10-22T13:30:24.913" instance="9210fd" url="/api/publish?type=zip&amp;async=False" method="POST" type="request" pid="823,1,50" Accept="*/*" Host="sxgevalapidev.scm.azurewebsites.net" User-Agent="AZURECLI/2.77.0 (MSI)" Accept-Encoding="gzip, deflate" Authorization="Bea..." Cache-Control="no-cache" Content-Type="application/octet-stream" Cookie="ARRAffinity=9210fd0c122fc1540c5ef9761b8a41ef990a83aba6c660ea67bdb222b82cd884; ARRAffinitySameSite=9210fd0c122fc1540c5ef9761b8a41ef990a83aba6c660ea67bdb222b82cd884" Content-Length="15659575" x-ms-client-request-id="3ca18a8b-af4b-11f0-8071-6045bdcf08c2" x-ms-artifact-checksum="33477d60b34f657af42bebbb20033ad9db91e3433c61cb6c263c4f2fb020d460" X-ARR-LOG-ID="3ca18a8b-af4b-11f0-8071-6045bdcf08c2" CLIENT-IP="4.213.232.68:26642" X-SITE-DEPLOYMENT-ID="sxgevalapidev" WAS-DEFAULT-HOSTNAME="sxgevalapidev.scm.azurewebsites.net" X-Forwarded-Proto="https" X-AppService-Proto="https" X-Forwarded-TlsVersion="1.3" X-WAWS-Unencoded-URL="/api/publish?type=zip&amp;async=False" X-Client-IP="4.213.232.68" X-Client-Port="26642" >
  <step title="Cleanup Xml Logs" date="2025-10-22T13:30:24.921" /><!-- duration: 12ms -->
  <step title="OneDeploy" date="2025-10-22T13:30:25.152" >
    <step title="None repository commit" date="2025-10-22T13:30:25.190" >
      <step title="Commit id: 24e64b30-7e62-4986-aba7-bd18d94d4a87" date="2025-10-22T13:30:25.199" Message="N/A" AuthorName="N/A" AuthorEmail="N/A" /><!-- duration: 5ms -->
    </step><!-- duration: 20ms -->
    <step title="Starting PushDeployAsync" date="2025-10-22T13:30:25.218" /><!-- duration: 5ms -->
    <step title="Writing artifact to /tmp/zipdeploy/0e6daad9-726b-4981-8e78-17bda0cad1b8.zip" date="2025-10-22T13:30:25.295" >
      <step title="Writing multipart request body to /tmp/zipdeploy/0e6daad9-726b-4981-8e78-17bda0cad1b8.zip" date="2025-10-22T13:30:25.302" /><!-- duration: 5ms -->
    </step><!-- duration: 2568ms -->
    <step title="Attempting to fetch target branch HEAD" date="2025-10-22T13:30:27.910" /><!-- duration: 13ms -->
    <step title="Acquiring Deployment Lock" date="2025-10-22T13:30:27.942" /><!-- duration: 13ms -->
    <step title="Acquired Deployment Lock" date="2025-10-22T13:30:28.399" /><!-- duration: 28ms -->
    <step title="Performing fetch based deployment" date="2025-10-22T13:30:28.447" >
      <step title="Creating temporary deployment" date="2025-10-22T13:30:28.459" /><!-- duration: 99ms -->
      <step title="Releasing Deployment Lock" date="2025-10-22T13:30:29.928" /><!-- duration: 41ms -->
      <step title="Cleaning up temp folders from previous zip deployments and extracting pushed zip file /tmp/zipdeploy/0e6daad9-726b-4981-8e78-17bda0cad1b8.zip (14.93 MB) to /tmp/zipdeploy/extracted" date="2025-10-22T13:30:30.361" >
        <step title="ChmodRecursive Process exited with total time taken in ms: 375" date="2025-10-22T13:30:32.919" /><!-- duration: 11ms -->
      </step><!-- duration: 2587ms -->
      <step title="None repository commit" date="2025-10-22T13:30:32.956" >
        <step title="Commit id: 24e64b30-7e62-4986-aba7-bd18d94d4a87" date="2025-10-22T13:30:32.964" Message="OneDeploy" AuthorName="N/A" AuthorEmail="N/A" /><!-- duration: 16ms -->
      </step><!-- duration: 28ms -->
      <step title="Deployment timer started" date="2025-10-22T13:30:35.035" >
        <step title="DeploymentManager.Deploy(id:24e64b30-7e62-4986-aba7-bd18d94d4a87)" date="2025-10-22T13:30:35.057" >
          <step title="Collecting changeset information" date="2025-10-22T13:30:35.093" /><!-- duration: 125ms -->
          <step title="Updating submodules" date="2025-10-22T13:30:35.232" /><!-- duration: 1383ms -->
          <step title="Determining deployment builder" date="2025-10-22T13:30:36.952" >
            <step title="Builder is OneDeployBuilder" date="2025-10-22T13:30:36.986" /><!-- duration: 7ms -->
          </step><!-- duration: 58ms -->
          <step title="PreDeployment: context.CleanOutputPath False" date="2025-10-22T13:30:37.085" >
            <step title="PreDeployment: context.OutputPath /home/site/wwwroot" date="2025-10-22T13:30:37.290" >
              <step title="Building" date="2025-10-22T13:30:37.522" >
                <step title="Executing external process" date="2025-10-22T13:30:38.269" type="process" path="starter.sh" arguments="/opt/Kudu/Scripts/parallel_rsync.sh /tmp/zipdeploy/extracted /home/site/wwwroot 8 /tmp/ False False  " /><!-- duration: 7035ms -->
                <step title="Modified file to trigger a restart of the app container." date="2025-10-22T13:30:46.035" /><!-- duration: 7ms -->
                <step title="Skip function trigger and logicapp sync because function is not enabled." date="2025-10-22T13:30:46.054" /><!-- duration: 9ms -->
                <step title="Purge deployment items" date="2025-10-22T13:30:47.099" >
                  <step title="Remove 8b062b72-, Failed, received at 10/22/2025 10:58:12" date="2025-10-22T13:30:47.179" /><!-- duration: 6ms -->
                  <step title="Remove temp-b232, Failed, received at 10/22/2025 10:57:35" date="2025-10-22T13:30:47.293" /><!-- duration: 36ms -->
                </step><!-- duration: 237ms -->
              </step><!-- duration: 9913ms -->
            </step><!-- duration: 10159ms -->
            <step title="Cleaning up temp files" date="2025-10-22T13:30:47.455" /><!-- duration: 7ms -->
            <step title="Cleaning up temp files" date="2025-10-22T13:30:47.471" /><!-- duration: 522ms -->
            <step title="Reloading status file with latest updates" date="2025-10-22T13:30:48.058" >
              <step title="WebHooksManager.PublishEventAsync: PostDeployment" date="2025-10-22T13:30:48.073" /><!-- duration: 146ms -->
            </step><!-- duration: 175ms -->
            <step title="Cleaning up temporary deployment - fetch deployment was successful" date="2025-10-22T13:30:48.242" /><!-- duration: 5ms -->
          </step><!-- duration: 11270ms -->
        </step><!-- duration: 13311ms -->
        <step title="Outgoing response" date="2025-10-22T13:30:48.382" type="response" statusCode="200" statusText="OK" /><!-- duration: 6ms -->
      </step><!-- duration: 13364ms -->
