﻿<?xml version="1.0" encoding="utf-8"?>
<deployment>
  <id>ceb80e61-9092-4255-a726-f944c8067820</id>
  <author>N/A</author>
  <deployer>OneDeploy</deployer>
  <authorEmail>N/A</authorEmail>
  <message>OneDeploy</message>
  <progress>Preparing deployment for commit id 'ceb80e61-9'.</progress>
  <status>Building</status>
  <statusText>Building and Deploying 'ceb80e61-9092-4255-a726-f944c8067820'.</statusText>
  <lastSuccessEndTime />
  <receivedTime>2025-10-28T13:23:31.4890294Z</receivedTime>
  <startTime>2025-10-28T13:23:34.7125675Z</startTime>
  <endTime />
  <complete>False</complete>
  <is_temp>False</is_temp>
  <is_readonly>True</is_readonly>
  <buildSummary />
</deployment>