﻿<?xml version="1.0" encoding="utf-8"?>
<deployment>
  <id>a4252bc4-19ce-45c4-9f15-32b4bb566424</id>
  <author>N/A</author>
  <deployer>OneDeploy</deployer>
  <authorEmail>N/A</authorEmail>
  <message>OneDeploy</message>
  <progress></progress>
  <status>Success</status>
  <statusText></statusText>
  <lastSuccessEndTime>2025-10-28T03:36:38.771203Z</lastSuccessEndTime>
  <receivedTime>2025-10-28T03:36:29.9940744Z</receivedTime>
  <startTime>2025-10-28T03:36:31.4492808Z</startTime>
  <endTime>2025-10-28T03:36:38.771203Z</endTime>
  <complete>True</complete>
  <is_temp>False</is_temp>
  <is_readonly>True</is_readonly>
  <buildSummary />
</deployment>