﻿<?xml version="1.0" encoding="utf-8"?>
<deployment>
  <id>511ca419-af0c-46bb-89a3-279d4dc98b27</id>
  <author>N/A</author>
  <deployer>OneDeploy</deployer>
  <authorEmail>N/A</authorEmail>
  <message>OneDeploy</message>
  <progress></progress>
  <status>Success</status>
  <statusText></statusText>
  <lastSuccessEndTime>2025-10-28T05:05:16.7145632Z</lastSuccessEndTime>
  <receivedTime>2025-10-28T05:05:06.5270423Z</receivedTime>
  <startTime>2025-10-28T05:05:08.1028438Z</startTime>
  <endTime>2025-10-28T05:05:16.7145632Z</endTime>
  <complete>True</complete>
  <is_temp>False</is_temp>
  <is_readonly>True</is_readonly>
  <buildSummary />
</deployment>