﻿<?xml version="1.0" encoding="utf-8"?>
<deployment>
  <id>24e64b30-7e62-4986-aba7-bd18d94d4a87</id>
  <author>N/A</author>
  <deployer>OneDeploy</deployer>
  <authorEmail>N/A</authorEmail>
  <message>OneDeploy</message>
  <progress></progress>
  <status>Success</status>
  <statusText></statusText>
  <lastSuccessEndTime>2025-10-22T13:30:46.5007097Z</lastSuccessEndTime>
  <receivedTime>2025-10-22T13:30:35.1397586Z</receivedTime>
  <startTime>2025-10-22T13:30:36.8580597Z</startTime>
  <endTime>2025-10-22T13:30:46.5007097Z</endTime>
  <complete>True</complete>
  <is_temp>False</is_temp>
  <is_readonly>True</is_readonly>
  <buildSummary />
</deployment>