﻿<?xml version="1.0" encoding="utf-8"?>
<deployment>
  <id>fd93af51-26a1-472d-a8ad-c8c98d08508c</id>
  <author>N/A</author>
  <deployer>OneDeploy</deployer>
  <authorEmail>N/A</authorEmail>
  <message>OneDeploy</message>
  <progress></progress>
  <status>Success</status>
  <statusText></statusText>
  <lastSuccessEndTime>2025-10-08T14:06:43.0474852Z</lastSuccessEndTime>
  <receivedTime>2025-10-08T14:06:28.9515903Z</receivedTime>
  <startTime>2025-10-08T14:06:30.8706195Z</startTime>
  <endTime>2025-10-08T14:06:43.0474852Z</endTime>
  <complete>True</complete>
  <is_temp>False</is_temp>
  <is_readonly>True</is_readonly>
  <buildSummary />
</deployment>