﻿<?xml version="1.0" encoding="utf-8"?>
<deployment>
  <id>5d770f55-8e45-4cda-aa4d-01770f8cf09b</id>
  <author>N/A</author>
  <deployer>Push-Deployer</deployer>
  <authorEmail>N/A</authorEmail>
  <message>Created via a push deployment</message>
  <progress></progress>
  <status>Success</status>
  <statusText></statusText>
  <lastSuccessEndTime>2025-10-16T13:53:42.6824519Z</lastSuccessEndTime>
  <receivedTime>2025-10-16T13:53:31.3161333Z</receivedTime>
  <startTime>2025-10-16T13:53:33.0508958Z</startTime>
  <endTime>2025-10-16T13:53:42.6824519Z</endTime>
  <complete>True</complete>
  <is_temp>False</is_temp>
  <is_readonly>True</is_readonly>
  <buildSummary />
</deployment>