﻿<?xml version="1.0" encoding="utf-8"?>
<deployment>
  <id>24aa463a-2b9a-448b-911d-7e8e84499813</id>
  <author>N/A</author>
  <deployer>OneDeploy</deployer>
  <authorEmail>N/A</authorEmail>
  <message>OneDeploy</message>
  <progress></progress>
  <status>Success</status>
  <statusText></statusText>
  <lastSuccessEndTime>2025-10-08T13:12:49.6874009Z</lastSuccessEndTime>
  <receivedTime>2025-10-08T13:12:32.2400422Z</receivedTime>
  <startTime>2025-10-08T13:12:33.781592Z</startTime>
  <endTime>2025-10-08T13:12:49.6874009Z</endTime>
  <complete>True</complete>
  <is_temp>False</is_temp>
  <is_readonly>True</is_readonly>
  <buildSummary />
</deployment>