﻿<?xml version="1.0" encoding="utf-8"?>
<deployment>
  <id>2a28ee2b-04e3-486d-9b7e-f061a28ab2ef</id>
  <author>N/A</author>
  <deployer>OneDeploy</deployer>
  <authorEmail>N/A</authorEmail>
  <message>OneDeploy</message>
  <progress></progress>
  <status>Success</status>
  <statusText></statusText>
  <lastSuccessEndTime>2025-10-28T05:43:27.9608782Z</lastSuccessEndTime>
  <receivedTime>2025-10-28T05:43:14.6722539Z</receivedTime>
  <startTime>2025-10-28T05:43:16.1225668Z</startTime>
  <endTime>2025-10-28T05:43:27.9608782Z</endTime>
  <complete>True</complete>
  <is_temp>False</is_temp>
  <is_readonly>True</is_readonly>
  <buildSummary />
</deployment>