﻿<?xml version="1.0" encoding="utf-8"?>
<deployment>
  <id>04d8d7b4-c4d0-4973-bdcf-71687a46aa69</id>
  <author>N/A</author>
  <deployer>OneDeploy</deployer>
  <authorEmail>N/A</authorEmail>
  <message>OneDeploy</message>
  <progress></progress>
  <status>Success</status>
  <statusText></statusText>
  <lastSuccessEndTime>2025-10-22T15:00:34.6954182Z</lastSuccessEndTime>
  <receivedTime>2025-10-22T15:00:24.9226875Z</receivedTime>
  <startTime>2025-10-22T15:00:26.5292229Z</startTime>
  <endTime>2025-10-22T15:00:34.6954182Z</endTime>
  <complete>True</complete>
  <is_temp>False</is_temp>
  <is_readonly>True</is_readonly>
  <buildSummary />
</deployment>